year,age_group,lfpr
2000,16–24,0.6604566719552492
2000,25–54,0.8403281522861907
2000,55–64,0.5959123542237864
2000,65+,0.13247785838359838
2001,16–24,0.6493227556298449
2001,25–54,0.8370225315738531
2001,55–64,0.6064827708043671
2001,65+,0.13413364969796324
2002,16–24,0.6363565968968238
2002,25–54,0.8336141109901657
2002,55–64,0.622266997446424
2002,65+,0.134691182890638
2003,16–24,0.6188184120686304
2003,25–54,0.8296074578758735
2003,55–64,0.6253483283326037
2003,65+,0.14251066601035234
2004,16–24,0.6158649417550998
2004,25–54,0.827923027267008
2004,55–64,0.6237536610931801
2004,65+,0.14726930273036473
2005,16–24,0.6146176633126871
2005,25–54,0.8281311878352455
2005,55–64,0.6307815146375578
2005,65+,0.15373130754310294
2006,16–24,0.612370127183347
2006,25–54,0.8294912398942097
2006,55–64,0.6378695669882125
2006,65+,0.15779464274954919
2007,16–24,0.5989924582204897
2007,25–54,0.8303599186692913
2007,55–64,0.6412603987584005
2007,65+,0.1639393882981028
2008,16–24,0.5909109333584147
2008,25–54,0.8310662933130857
2008,55–64,0.6484246413488782
2008,65+,0.17096936625596393
2009,16–24,0.5723856274623391
2009,25–54,0.8255889622359334
2009,55–64,0.6493250371049816
2009,65+,0.1735305182152426
2010,16–24,0.5586831195308469
2010,25–54,0.8220039451524572
2010,55–64,0.6499385723014831
2010,65+,0.17540147224909283
2011,16–24,0.5522153209279553
2011,25–54,0.816243361776709
2011,55–64,0.6457622733479998
2011,65+,0.1824703326588122
2012,16–24,0.5511700081691864
2012,25–54,0.815039941459326
2012,55–64,0.6468383943193285
2012,65+,0.1884773929952953
2013,16–24,0.5514699308294786
2013,25–54,0.8109788275627848
2013,55–64,0.6460481483184716
2013,65+,0.1899305249138745
2014,16–24,0.553790486024288
2014,25–54,0.8093800299770897
2014,55–64,0.6451793203132224
2014,65+,0.1900740178403111
2015,16–24,0.5531669726791391
2015,25–54,0.8095044287454104
2015,55–64,0.64117635217844
2015,65+,0.19360075570684807
2016,16–24,0.5548521239624727
2016,25–54,0.8142722134092472
2016,55–64,0.6447127292356375
2016,65+,0.19589470828298558
2017,16–24,0.5563716830639273
2017,25–54,0.8176867805159368
2017,55–64,0.6487117292323394
2017,65+,0.198310945349791
2018,16–24,0.5536868240397189
2018,25–54,0.8228554853383526
2018,55–64,0.6532728295423927
2018,65+,0.19976386243060776
2019,16–24,0.5616233854805693
2019,25–54,0.8268739220014184
2019,55–64,0.6568392541440669
2019,65+,0.20662798555231496
2020,16–24,0.537493067467199
2020,25–54,0.815476472943236
2020,55–64,0.6515574732626735
2020,65+,0.1988857454965791
2021,16–24,0.5546194316292073
2021,25–54,0.8158023996608352
2021,55–64,0.6493992678254685
2021,65+,0.19199267106017479
2022,16–24,0.5584759457746261
2022,25–54,0.825229780372037
2022,55–64,0.6543932189229121
2022,65+,0.19685925349896508
2023,16–24,0.5680945385585215
2023,25–54,0.8348054402173455
2023,55–64,0.6589653561211575
2023,65+,0.19668383763213035
2024,16–24,0.562847715599705
2024,25–54,0.836761231086626
2024,55–64,0.6634775834085641
2024,65+,0.19884909265242082
