year,sex,lfpr
2000,Men,0.9166126751883783
2000,Women,0.7669719257089235
2001,Men,0.9124699051990625
2001,Women,0.7643248421543748
2002,Men,0.9103125318010905
2002,Women,0.7596176560963362
2003,Men,0.9060037600489249
2003,Women,0.7557820589929648
2004,Men,0.904394651612229
2004,Women,0.7537404981408232
2005,Men,0.904731730196438
2005,Women,0.7536500295752148
2006,Men,0.9060464470550298
2006,Women,0.7548631646695999
2007,Men,0.9078026477691373
2007,Women,0.7547865498810289
2008,Men,0.9049114743786291
2008,Women,0.7589331288784525
2009,Men,0.8968646732582002
2009,Women,0.7558399630750904
2010,Men,0.891995589373666
2010,Women,0.7534696226736189
2011,Men,0.8869052072277238
2011,Women,0.7472446351720605
2012,Men,0.8873030942658092
2012,Women,0.7455188499852601
2013,Men,0.8842901796011783
2013,Women,0.7403647055171625
2014,Men,0.8814368099697147
2014,Women,0.7398390781342358
2015,Men,0.882795239088083
2015,Women,0.7388162081656153
2016,Men,0.8856135899854366
2016,Women,0.7453187427609183
2017,Men,0.8863918338627513
2017,Women,0.7511384811459432
2018,Men,0.8906721049653936
2018,Women,0.7569357243667492
2019,Men,0.892075457087009
2019,Women,0.7633789113914086
2020,Men,0.8789053579786409
2020,Women,0.7536294451857103
2021,Men,0.8796746876720721
2021,Women,0.7534072903582921
2022,Men,0.88632119884453
2022,Women,0.7650013725527566
2023,Men,0.892486128766636
2023,Women,0.7771771768998357
2024,Men,0.8928584596071419
2024,Women,0.7813880603189801
