year,month,sex,lfpr
2000,1,Men,0.9185832046649032
2000,2,Men,0.919004339862822
2000,3,Men,0.9168454858607991
2000,4,Men,0.9172321019449565
2000,5,Men,0.9143404313067058
2000,6,Men,0.9191326281361152
2000,7,Men,0.9176601487890136
2000,8,Men,0.9167030200967616
2000,9,Men,0.9142914737138269
2000,10,Men,0.9151654786839253
2000,11,Men,0.9157828147934811
2000,12,Men,0.9146109744072302
2000,1,Women,0.7715071042039537
2000,2,Women,0.7725407267846718
2000,3,Women,0.7755049110419349
2000,4,Women,0.7731124581160137
2000,5,Women,0.7695649117632646
2000,6,Women,0.7591625087883314
2000,7,Women,0.7547596858761954
2000,8,Women,0.7556390204623102
2000,9,Women,0.7641496065707177
2000,10,Women,0.767964410268892
2000,11,Women,0.7691548830936767
2000,12,Women,0.7706028815371191
2001,1,Men,0.9134932274281491
2001,2,Men,0.9144964103415061
2001,3,Men,0.9146013204192428
2001,4,Men,0.9143432516070626
2001,5,Men,0.9144825645611026
2001,6,Men,0.9131878911088109
2001,7,Men,0.9130773518395126
2001,8,Men,0.9108107668225562
2001,9,Men,0.910040048920415
2001,10,Men,0.9122375995424621
2001,11,Men,0.9099671036980689
2001,12,Men,0.9089013260998584
2001,1,Women,0.7730525477019144
2001,2,Women,0.7735931759618322
2001,3,Women,0.7731411856799569
2001,4,Women,0.7639842556415238
2001,5,Women,0.7632056961039762
2001,6,Women,0.7566417941286029
2001,7,Women,0.7521700656385274
2001,8,Women,0.7547538489400372
2001,9,Women,0.7621676995921316
2001,10,Women,0.764797760980379
2001,11,Women,0.7657195687367873
2001,12,Women,0.7686705067468282
2002,1,Men,0.9072218979803761
2002,2,Men,0.9115495809909119
2002,3,Men,0.9139014304128484
2002,4,Men,0.9122626377049204
2002,5,Men,0.912598930497401
2002,6,Men,0.9109947061017758
2002,7,Men,0.9102833697174595
2002,8,Men,0.9110828678905568
2002,9,Men,0.9120209419636869
2002,10,Men,0.9110621064172274
2002,11,Men,0.9054133638181361
2002,12,Men,0.9053585481177857
2002,1,Women,0.7638829853837049
2002,2,Women,0.7677885830850404
2002,3,Women,0.7654043527078297
2002,4,Women,0.7638943298116899
2002,5,Women,0.7608250573929782
2002,6,Women,0.7510976247445188
2002,7,Women,0.7459811054753571
2002,8,Women,0.7506079874275272
2002,9,Women,0.758217571708691
2002,10,Women,0.7616470141596955
2002,11,Women,0.7617152346474545
2002,12,Women,0.7643500266115477
2003,1,Men,0.9022378780709317
2003,2,Men,0.9047088242967617
2003,3,Men,0.907769663293051
2003,4,Men,0.9084689818192949
2003,5,Men,0.9067137888889011
2003,6,Men,0.9075839898238915
2003,7,Men,0.9075772182499202
2003,8,Men,0.9048076313187731
2003,9,Men,0.9051985167389451
2003,10,Men,0.9067375979708228
2003,11,Men,0.9053166731544026
2003,12,Men,0.9049243569614037
2003,1,Women,0.7596802258820808
2003,2,Women,0.7607428896647804
2003,3,Women,0.7630830640224444
2003,4,Women,0.7598065968041156
2003,5,Women,0.7571151631379898
2003,6,Women,0.7547867256170387
2003,7,Women,0.7480829416283434
2003,8,Women,0.7494103207293823
2003,9,Women,0.7521715958876571
2003,10,Women,0.7542457136051246
2003,11,Women,0.7558812428290547
2003,12,Women,0.7543782281075673
2004,1,Men,0.9058574206969989
2004,2,Men,0.9020508741908483
2004,3,Men,0.9027869568259245
2004,4,Men,0.9032067861858871
2004,5,Men,0.9052455393967961
2004,6,Men,0.9058325854218018
2004,7,Men,0.9081800846307734
2004,8,Men,0.9047883991413289
2004,9,Men,0.9046289480879737
2004,10,Men,0.9050036871332447
2004,11,Men,0.9049250624306173
2004,12,Men,0.9002294752045524
2004,1,Women,0.7537629848007967
2004,2,Women,0.7552847039293947
2004,3,Women,0.7569592015873124
2004,4,Women,0.7537493072755013
2004,5,Women,0.7519254634020566
2004,6,Women,0.7497578699892297
2004,7,Women,0.7496141282780524
2004,8,Women,0.7483763390722646
2004,9,Women,0.7537663842372236
2004,10,Women,0.7576908647867148
2004,11,Women,0.7585262317324183
2004,12,Women,0.7554724985989126
2005,1,Men,0.8981286350332032
2005,2,Men,0.8997873060476551
2005,3,Men,0.902456831358595
2005,4,Men,0.905787102531871
2005,5,Men,0.9068577705552554
2005,6,Men,0.9069566882509732
2005,7,Men,0.9075151240602974
2005,8,Men,0.9097457571012014
2005,9,Men,0.9068442505883568
2005,10,Men,0.9071937354990902
2005,11,Men,0.9047540255988146
2005,12,Men,0.9007535357319447
2005,1,Women,0.754900432716046
2005,2,Women,0.7550625208706205
2005,3,Women,0.7508969727326912
2005,4,Women,0.752481625241354
2005,5,Women,0.7534251254834291
2005,6,Women,0.7479628724664731
2005,7,Women,0.7497672775827882
2005,8,Women,0.7477542751884328
2005,9,Women,0.7579517012132624
2005,10,Women,0.7590334996995245
2005,11,Women,0.757779478455465
2005,12,Women,0.756784573252491
2006,1,Men,0.8990105390553662
2006,2,Men,0.899924459054099
2006,3,Men,0.9066589729060611
2006,4,Men,0.9078374789194924
2006,5,Men,0.907761514972319
2006,6,Men,0.9079712291521933
2006,7,Men,0.9078347714515659
2006,8,Men,0.9070136135967594
2006,9,Men,0.9059711984651203
2006,10,Men,0.9086185973199982
2006,11,Men,0.9084056658098341
2006,12,Men,0.905549323957548
2006,1,Women,0.7512364994275951
2006,2,Women,0.7539879024766513
2006,3,Women,0.7533624568024851
2006,4,Women,0.7518097133911035
2006,5,Women,0.7540628535958354
2006,6,Women,0.7499631855014388
2006,7,Women,0.7515292091434528
2006,8,Women,0.7524652706026748
2006,9,Women,0.7584641422640868
2006,10,Women,0.7619512332792767
2006,11,Women,0.7600990552625194
2006,12,Women,0.7594264542880785
2007,1,Men,0.9084776857100623
2007,2,Men,0.9072410193384999
2007,3,Men,0.9065001608451542
2007,4,Men,0.9087957865847823
2007,5,Men,0.9085914807651183
2007,6,Men,0.9081648911215585
2007,7,Men,0.9087359755363731
2007,8,Men,0.9069210120559752
2007,9,Men,0.9057103349959411
2007,10,Men,0.9078940977533783
2007,11,Men,0.9095443644031859
2007,12,Men,0.9070549641196208
2007,1,Women,0.7564167009401208
2007,2,Women,0.7512207874620866
2007,3,Women,0.7551763478536645
2007,4,Women,0.7504653911421161
2007,5,Women,0.7533345900876001
2007,6,Women,0.7495159196486649
2007,7,Women,0.7476802011292828
2007,8,Women,0.7522423558893412
2007,9,Women,0.7591229566123915
2007,10,Women,0.7592748175559324
2007,11,Women,0.7627781632799344
2007,12,Women,0.760210366971212
2008,1,Men,0.9045811547822222
2008,2,Men,0.9021539391165981
2008,3,Men,0.9047807847071383
2008,4,Men,0.9040517166782394
2008,5,Men,0.9052268171126454
2008,6,Men,0.9058252582705285
2008,7,Men,0.908498621606306
2008,8,Men,0.9072491775118942
2008,9,Men,0.9047728500708664
2008,10,Men,0.9068353422751522
2008,11,Men,0.9048918881380927
2008,12,Men,0.9000701422738672
2008,1,Women,0.7583827379245662
2008,2,Women,0.7560664542103852
2008,3,Women,0.7612895683406705
2008,4,Women,0.7603968813138655
2008,5,Women,0.7581370464753072
2008,6,Women,0.7581735954214767
2008,7,Women,0.7519687949210905
2008,8,Women,0.7572879427113521
2008,9,Women,0.7614047294166637
2008,10,Women,0.7619690159114663
2008,11,Women,0.7636519837249002
2008,12,Women,0.7584687961696855
2009,1,Men,0.8997136547413683
2009,2,Men,0.8983911338769578
2009,3,Men,0.8969923249815062
2009,4,Men,0.8976624708634895
2009,5,Men,0.8972903772121565
2009,6,Men,0.8963706013834798
2009,7,Men,0.8972866347833415
2009,8,Men,0.9008801258690097
2009,9,Men,0.8969189118424992
2009,10,Men,0.8977584015880848
2009,11,Men,0.8938715691502535
2009,12,Men,0.8892398728062555
2009,1,Women,0.757217505393331
2009,2,Women,0.7583992133025489
2009,3,Women,0.7575608540845317
2009,4,Women,0.760211025939868
2009,5,Women,0.7555113816190061
2009,6,Women,0.7563887643159433
2009,7,Women,0.7545093126388618
2009,8,Women,0.7526646809420029
2009,9,Women,0.7547661765126089
2009,10,Women,0.754565857233627
2009,11,Women,0.7569757305354538
2009,12,Women,0.7513090543833022
2010,1,Men,0.8929741062742997
2010,2,Men,0.8939916874734172
2010,3,Men,0.895514234809373
2010,4,Men,0.8949296495054866
2010,5,Men,0.8934384080645681
2010,6,Men,0.8914057845090951
2010,7,Men,0.891397321075477
2010,8,Men,0.8928499819392771
2010,9,Men,0.8915948434495787
2010,10,Men,0.8906856507908851
2010,11,Men,0.8878795548519279
2010,12,Men,0.8872858497406055
2010,1,Women,0.7581735747989964
2010,2,Women,0.755895037919587
2010,3,Women,0.7561837645202394
2010,4,Women,0.7578556204401695
2010,5,Women,0.7486861577279952
2010,6,Women,0.7479354188543911
2010,7,Women,0.7453834678167532
2010,8,Women,0.7482725610461584
2010,9,Women,0.7556192622411385
2010,10,Women,0.7562430993218882
2010,11,Women,0.7566059743656331
2010,12,Women,0.7547815330304779
2011,1,Men,0.8877554276219607
2011,2,Men,0.8884510506398778
2011,3,Men,0.8862350351812013
2011,4,Men,0.8826397993331845
2011,5,Men,0.8893630078427336
2011,6,Men,0.8863211732622236
2011,7,Men,0.8861355253141583
2011,8,Men,0.8876829377489016
2011,9,Men,0.8858751052921231
2011,10,Men,0.8869037264480368
2011,11,Men,0.8875046308278516
2011,12,Men,0.8879950672204315
2011,1,Women,0.7512086620163894
2011,2,Women,0.7484319721623051
2011,3,Women,0.750008763825161
2011,4,Women,0.7502964401034109
2011,5,Women,0.7448866264369611
2011,6,Women,0.7422342097415372
2011,7,Women,0.7401455715299243
2011,8,Women,0.7449005724841485
2011,9,Women,0.7513884390656936
2011,10,Women,0.7494000865059938
2011,11,Women,0.747442156716123
2011,12,Women,0.7465921214770787
2012,1,Men,0.8874963733548937
2012,2,Men,0.887490993233281
2012,3,Men,0.8872935927275762
2012,4,Men,0.8838981855376595
2012,5,Men,0.8877097442112766
2012,6,Men,0.8887287434582677
2012,7,Men,0.8888791797666838
2012,8,Men,0.8874720253051799
2012,9,Men,0.887905187754991
2012,10,Men,0.8896198860636887
2012,11,Men,0.885024299418499
2012,12,Men,0.8861189203577146
2012,1,Women,0.7468879289966102
2012,2,Women,0.7459104196975478
2012,3,Women,0.7462878008159319
2012,4,Women,0.7451697500558484
2012,5,Women,0.7449151765320946
2012,6,Women,0.7426346747611405
2012,7,Women,0.7430469862529915
2012,8,Women,0.743834052487178
2012,9,Women,0.7497209936984244
2012,10,Women,0.7505796792093943
2012,11,Women,0.7442219290866737
2012,12,Women,0.7430168082292846
2013,1,Men,0.884057207841793
2013,2,Men,0.8859803532880325
2013,3,Men,0.884367922537254
2013,4,Men,0.8856282504767649
2013,5,Men,0.8890215841884095
2013,6,Men,0.8881601689250288
2013,7,Men,0.8871503198071871
2013,8,Men,0.8830392772674625
2013,9,Men,0.8837609172966118
2013,10,Men,0.8786149089132381
2013,11,Men,0.8833872509207018
2013,12,Men,0.8783139937516552
2013,1,Women,0.7385150178318621
2013,2,Women,0.7384670907757191
2013,3,Women,0.7390860244693834
2013,4,Women,0.7385784126668096
2013,5,Women,0.743520962785885
2013,6,Women,0.7398348577954206
2013,7,Women,0.7402439902654724
2013,8,Women,0.7397994352877749
2013,9,Women,0.7443286730295977
2013,10,Women,0.7408678797016827
2013,11,Women,0.7412431789765894
2013,12,Women,0.7398909426197544
2014,1,Men,0.8783591230204074
2014,2,Men,0.8796588362209864
2014,3,Men,0.8811592185729628
2014,4,Men,0.8790523676266135
2014,5,Men,0.8832563476959922
2014,6,Men,0.8843483966789557
2014,7,Men,0.8868654182478668
2014,8,Men,0.8859267339612126
2014,9,Men,0.8815255372900658
2014,10,Men,0.8794327258800716
2014,11,Men,0.8775088729445636
2014,12,Men,0.8801481414968781
2014,1,Women,0.7411163581065098
2014,2,Women,0.7435308838763746
2014,3,Women,0.7436392295498947
2014,4,Women,0.7424394383297158
2014,5,Women,0.7388418974843952
2014,6,Women,0.7335615900040819
2014,7,Women,0.7317821466669233
2014,8,Women,0.7359467286831466
2014,9,Women,0.7404302590454009
2014,10,Women,0.743563876120733
2014,11,Women,0.7439596726174091
2014,12,Women,0.739256857126244
2015,1,Men,0.8803386019258252
2015,2,Men,0.8815127879930716
2015,3,Men,0.8855943300215882
2015,4,Men,0.8845836582321454
2015,5,Men,0.8862177063580841
2015,6,Men,0.885224708337332
2015,7,Men,0.8840808178653885
2015,8,Men,0.8823215821908076
2015,9,Men,0.8814444087598505
2015,10,Men,0.8807789994877584
2015,11,Men,0.8795502520818702
2015,12,Men,0.8818950158032745
2015,1,Women,0.7385587543550507
2015,2,Women,0.7392828681141795
2015,3,Women,0.7370884876094153
2015,4,Women,0.739968909476393
2015,5,Women,0.7431107028686692
2015,6,Women,0.7337174055813644
2015,7,Women,0.7317978576212216
2015,8,Women,0.7332281695719971
2015,9,Women,0.7380042883436452
2015,10,Women,0.743130984103268
2015,11,Women,0.7454913314548589
2015,12,Women,0.7424147388873217
2016,1,Men,0.8823778488703754
2016,2,Men,0.8843854241772533
2016,3,Men,0.8881365989787343
2016,4,Men,0.8862613575937959
2016,5,Men,0.8858696837021218
2016,6,Men,0.8886820439889247
2016,7,Men,0.8875997211048612
2016,8,Men,0.8854962732731004
2016,9,Men,0.8855678521424446
2016,10,Men,0.8849404909690745
2016,11,Men,0.8836032236891297
2016,12,Men,0.8844425613354227
2016,1,Women,0.7432988938308194
2016,2,Women,0.7431169367336129
2016,3,Women,0.7472609269287955
2016,4,Women,0.7463820271261614
2016,5,Women,0.7434050393371769
2016,6,Women,0.7390262285836366
2016,7,Women,0.7392945342315063
2016,8,Women,0.7424708795601094
2016,9,Women,0.7519717013705811
2016,10,Women,0.7535816308384806
2016,11,Women,0.7482234435327071
2016,12,Women,0.7457926710574309
2017,1,Men,0.88545297271551
2017,2,Men,0.8848578460649174
2017,3,Men,0.8860526314674814
2017,4,Men,0.8861240380621607
2017,5,Men,0.8862036718108748
2017,6,Men,0.8861406230873565
2017,7,Men,0.8883690055712794
2017,8,Men,0.8837017731628628
2017,9,Men,0.8869737767491086
2017,10,Men,0.8869263235531224
2017,11,Men,0.8859185419360984
2017,12,Men,0.8899808021722428
2017,1,Women,0.745575547779905
2017,2,Women,0.750981009263967
2017,3,Women,0.750992036949791
2017,4,Women,0.7538262636932018
2017,5,Women,0.7523315211936902
2017,6,Women,0.747990172123819
2017,7,Women,0.7506281921811916
2017,8,Women,0.7489509147873039
2017,9,Women,0.7563879679798294
2017,10,Women,0.7514739834989036
2017,11,Women,0.7552118662323748
2017,12,Women,0.749312298067339
2018,1,Men,0.8883631279608528
2018,2,Men,0.8921989575526234
2018,3,Men,0.8937790391138544
2018,4,Men,0.8937331858202529
2018,5,Men,0.8924791606101515
2018,6,Men,0.8896530417373189
2018,7,Men,0.8885408568741402
2018,8,Men,0.885792420995363
2018,9,Men,0.886858262023421
2018,10,Men,0.8921233980907698
2018,11,Men,0.8922294283770691
2018,12,Men,0.8923143804289065
2018,1,Women,0.7465952428926568
2018,2,Women,0.7560114811588984
2018,3,Women,0.7523084765626281
2018,4,Women,0.7545058818605613
2018,5,Women,0.7542322328930807
2018,6,Women,0.7536782690301886
2018,7,Women,0.7557789454664618
2018,8,Women,0.7561295288822935
2018,9,Women,0.7605784922648058
2018,10,Women,0.7647135287255025
2018,11,Women,0.765368117883271
2018,12,Women,0.7633284947806409
2019,1,Men,0.895361801381391
2019,2,Men,0.8959984657817402
2019,3,Men,0.8982439948434854
2019,4,Men,0.8926034249434138
2019,5,Men,0.8896542173385052
2019,6,Men,0.8847346267345035
2019,7,Men,0.8872741724683919
2019,8,Men,0.8894376940355878
2019,9,Men,0.8927909851788518
2019,10,Men,0.8918755589106241
2019,11,Men,0.8939992628503536
2019,12,Men,0.8929312805772596
2019,1,Women,0.75973122398917
2019,2,Women,0.7605600527117834
2019,3,Women,0.7550742052294659
2019,4,Women,0.755044170001381
2019,5,Women,0.7576985395033099
2019,6,Women,0.7587901312811648
2019,7,Women,0.7524887862327537
2019,8,Women,0.7629020780785414
2019,9,Women,0.7697560254936535
2019,10,Women,0.7761191713284551
2019,11,Women,0.7756133344581114
2019,12,Women,0.7767692183891128
2020,1,Men,0.8932908977862271
2020,2,Men,0.8917334891886942
2020,3,Men,0.8906787387565782
2020,4,Men,0.8609120098186991
2020,5,Men,0.869228491194318
2020,6,Men,0.8757020671524489
2020,7,Men,0.8738854693090776
2020,8,Men,0.8798207649730375
2020,9,Men,0.8788894915795575
2020,10,Men,0.8815695131016621
2020,11,Men,0.8764818081314224
2020,12,Men,0.8746715547519666
2020,1,Women,0.7719817789640795
2020,2,Women,0.7707026900939613
2020,3,Women,0.7630674336343767
2020,4,Women,0.7351698257193833
2020,5,Women,0.7419573345274318
2020,6,Women,0.7510134750269909
2020,7,Women,0.7509677442807005
2020,8,Women,0.7493413085571484
2020,9,Women,0.7468126957647221
2020,10,Women,0.7547622322829611
2020,11,Women,0.7527055132787194
2020,12,Women,0.75507131009805
2021,1,Men,0.8757113770197559
2021,2,Men,0.8754912711663052
2021,3,Men,0.8774183214647299
2021,4,Men,0.8762805036295246
2021,5,Men,0.8767794717410494
2021,6,Men,0.8783415654592304
2021,7,Men,0.8823926122518678
2021,8,Men,0.885145863348394
2021,9,Men,0.8837521648209424
2021,10,Men,0.8834709895152228
2021,11,Men,0.8823710979020544
2021,12,Men,0.8789410137457887
2021,1,Women,0.7506543467415524
2021,2,Women,0.7525136169606753
2021,3,Women,0.754493672671032
2021,4,Women,0.7481275878726831
2021,5,Women,0.7475562276833154
2021,6,Women,0.7472775267759193
2021,7,Women,0.7492347856049076
2021,8,Women,0.7517794216887751
2021,9,Women,0.7550973680142441
2021,10,Women,0.7586659106291563
2021,11,Women,0.7633094393552514
2021,12,Women,0.7621775803019933
2022,1,Men,0.8783411336724779
2022,2,Men,0.8870556342618082
2022,3,Men,0.8855274158275837
2022,4,Men,0.8855381560401129
2022,5,Men,0.8890741522667907
2022,6,Men,0.8840654705937742
2022,7,Men,0.8866760289965058
2022,8,Men,0.889818770226042
2022,9,Men,0.8893112932374032
2022,10,Men,0.8885373570539854
2022,11,Men,0.8859550872869537
2022,12,Men,0.8859538866709216
2022,1,Women,0.7626413246202631
2022,2,Women,0.7611047247428858
2022,3,Women,0.7668748783552121
2022,4,Women,0.7618264808274663
2022,5,Women,0.7625928605424639
2022,6,Women,0.7592692852641935
2022,7,Women,0.7594270553513227
2022,8,Women,0.7702064749284564
2022,9,Women,0.7682212097083572
2022,10,Women,0.7702948458721732
2022,11,Women,0.7693427388714855
2022,12,Women,0.7682145915488002
2023,1,Men,0.886632020174855
2023,2,Men,0.8945747379147225
2023,3,Men,0.8958807225487287
2023,4,Men,0.8931161629580796
2023,5,Men,0.8916532712092077
2023,6,Men,0.8903432144649884
2023,7,Men,0.8928314426887233
2023,8,Men,0.8924292854621871
2023,9,Men,0.896508734651331
2023,10,Men,0.8924170224932249
2023,11,Men,0.8922180893679119
2023,12,Men,0.8912288412656725
2023,1,Women,0.776733639049927
2023,2,Women,0.7801831807748656
2023,3,Women,0.7807018664696403
2023,4,Women,0.7807054139834805
2023,5,Women,0.7774893734076866
2023,6,Women,0.7760255534354593
2023,7,Women,0.7701882235463154
2023,8,Women,0.7756339723727558
2023,9,Women,0.7773287555401572
2023,10,Women,0.7798835202170912
2023,11,Women,0.7777797968007698
2023,12,Women,0.7734728271998785
2024,1,Men,0.8879303144601381
2024,2,Men,0.8910362707176473
2024,3,Men,0.8932552890880521
2024,4,Men,0.8906707230013553
2024,5,Men,0.8909955280510823
2024,6,Men,0.8952240375218209
2024,7,Men,0.9019364403214772
2024,8,Men,0.8951676536067208
2024,9,Men,0.8968421332108123
2024,10,Men,0.8935929124696768
2024,11,Men,0.8913810831714566
2024,12,Men,0.8862691296654631
2024,1,Women,0.7767549290420359
2024,2,Women,0.7825842669539868
2024,3,Women,0.7819620363033861
2024,4,Women,0.7826019151172979
2024,5,Women,0.7829430717538528
2024,6,Women,0.776981817222062
2024,7,Women,0.7780855222887811
2024,8,Women,0.7834659434691252
2024,9,Women,0.7868366437913693
2024,10,Women,0.7832787267653567
2024,11,Women,0.7802395577041911
2024,12,Women,0.7809222934163147
