year,month,age_group,lfpr
2000,1,16–24,0.6345464267239997
2000,2,16–24,0.6377304489013098
2000,3,16–24,0.6387896799932516
2000,4,16–24,0.6420961401895111
2000,5,16–24,0.6490370640985722
2000,6,16–24,0.711657897293407
2000,7,16–24,0.7194330246617542
2000,8,16–24,0.6938749541567217
2000,9,16–24,0.6464495478610743
2000,10,16–24,0.6531256781703991
2000,11,16–24,0.6495656297527361
2000,12,16–24,0.649173571660253
2000,1,25–54,0.84355322118609
2000,2,25–54,0.8441912868747964
2000,3,25–54,0.8446970494521708
2000,4,25–54,0.8437463718667968
2000,5,25–54,0.8405246193218933
2000,6,25–54,0.8376094017108345
2000,7,25–54,0.8346407540981398
2000,8,25–54,0.8346414293778709
2000,9,25–54,0.8378095779237762
2000,10,25–54,0.8401335786899
2000,11,25–54,0.8411325459781382
2000,12,25–54,0.8412579909538824
2000,1,55–64,0.5922181666898206
2000,2,55–64,0.602258942921211
2000,3,55–64,0.6012967533376243
2000,4,55–64,0.5934250900096216
2000,5,55–64,0.5894784138778647
2000,6,55–64,0.5881773217903105
2000,7,55–64,0.5877477063432873
2000,8,55–64,0.6000733580243631
2000,9,55–64,0.6009452815057557
2000,10,55–64,0.597486345712355
2000,11,55–64,0.59767566796974
2000,12,55–64,0.6001652025034833
2000,1,65+,0.12686528003281342
2000,2,65+,0.1326511032000466
2000,3,65+,0.13682979475839238
2000,4,65+,0.13301863386945184
2000,5,65+,0.13594202796221902
2000,6,65+,0.1286296518534083
2000,7,65+,0.12771711487628423
2000,8,65+,0.1319865291232078
2000,9,65+,0.13532832650008608
2000,10,65+,0.1363861033440746
2000,11,65+,0.13341247908256118
2000,12,65+,0.1309672560006351
2001,1,16–24,0.6349935527047761
2001,2,16–24,0.6398647607455548
2001,3,16–24,0.6417285554798227
2001,4,16–24,0.6372121446281573
2001,5,16–24,0.6317300874924721
2001,6,16–24,0.6961245564771799
2001,7,16–24,0.7093414515388456
2001,8,16–24,0.6636143591301439
2001,9,16–24,0.6353826220985416
2001,10,16–24,0.6384005863302596
2001,11,16–24,0.6363098395822852
2001,12,16–24,0.6271705513500999
2001,1,25–54,0.8419217848588814
2001,2,25–54,0.8426875759366694
2001,3,25–54,0.8425367029936333
2001,4,25–54,0.8376449769363599
2001,5,25–54,0.8374439969502163
2001,6,25–54,0.8333798398578088
2001,7,25–54,0.8311845754985313
2001,8,25–54,0.8313644167778387
2001,9,25–54,0.8347540840956971
2001,10,25–54,0.8372013810379034
2001,11,25–54,0.8365584644139447
2001,12,25–54,0.8375925795287551
2001,1,55–64,0.6016774050255563
2001,2,55–64,0.604652634883286
2001,3,55–64,0.6075805971890142
2001,4,55–64,0.6064707693548804
2001,5,55–64,0.6092667872119123
2001,6,55–64,0.5997576505756305
2001,7,55–64,0.5990201393638722
2001,8,55–64,0.6020320356380034
2001,9,55–64,0.6093334017051327
2001,10,55–64,0.6076826772813859
2001,11,55–64,0.6129183154225266
2001,12,55–64,0.6174008360012035
2001,1,65+,0.13121013721038377
2001,2,65+,0.1314042550059038
2001,3,65+,0.13299101770217567
2001,4,65+,0.13455102746732253
2001,5,65+,0.13211003233413837
2001,6,65+,0.13234829269180515
2001,7,65+,0.13248360427182168
2001,8,65+,0.1372175532632462
2001,9,65+,0.13818441752023966
2001,10,65+,0.13913266078634384
2001,11,65+,0.13479963844318726
2001,12,65+,0.13317115967899107
2002,1,16–24,0.607373856986569
2002,2,16–24,0.6172335027807238
2002,3,16–24,0.6244637325403213
2002,4,16–24,0.6159814714055527
2002,5,16–24,0.6315388372982639
2002,6,16–24,0.6885634525934747
2002,7,16–24,0.6995837052163361
2002,8,16–24,0.6651569586340091
2002,9,16–24,0.6239483749861556
2002,10,16–24,0.6234013827772449
2002,11,16–24,0.6224816929409257
2002,12,16–24,0.6165521946023077
2002,1,25–54,0.8343228596412278
2002,2,25–54,0.838367602671957
2002,3,25–54,0.8382804541777257
2002,4,25–54,0.8367340351737463
2002,5,25–54,0.8353627326405804
2002,6,25–54,0.829708454592279
2002,7,25–54,0.8267370055334716
2002,8,25–54,0.8293918928316184
2002,9,25–54,0.8336680709051857
2002,10,25–54,0.8349298794742573
2002,11,25–54,0.8322670097752105
2002,12,25–54,0.8335993344647298
2002,1,55–64,0.6133015889685532
2002,2,55–64,0.6220763445113786
2002,3,55–64,0.6187125736537977
2002,4,55–64,0.6182903579236291
2002,5,55–64,0.6180658701544477
2002,6,55–64,0.6149842731832127
2002,7,55–64,0.6146765824353483
2002,8,55–64,0.6165010976273817
2002,9,55–64,0.6308566176780213
2002,10,55–64,0.6342051983795091
2002,11,55–64,0.6350210782823527
2002,12,55–64,0.6305123865594553
2002,1,65+,0.1299759272060466
2002,2,65+,0.13164916135760768
2002,3,65+,0.1331633598254807
2002,4,65+,0.13697634656307792
2002,5,65+,0.13840472570870158
2002,6,65+,0.13651874220786106
2002,7,65+,0.13517621570565888
2002,8,65+,0.1347333534502152
2002,9,65+,0.1370990140571297
2002,10,65+,0.137987348873252
2002,11,65+,0.1318365772547931
2002,12,65+,0.13277342247783147
2003,1,16–24,0.6040057133169967
2003,2,16–24,0.605156700401039
2003,3,16–24,0.5965421189424348
2003,4,16–24,0.6003900831317002
2003,5,16–24,0.6130473098065372
2003,6,16–24,0.6713186461064846
2003,7,16–24,0.6783828183371685
2003,8,16–24,0.6438877601117515
2003,9,16–24,0.6085160867864958
2003,10,16–24,0.6068887081992695
2003,11,16–24,0.604628404681159
2003,12,16–24,0.5930565950025285
2003,1,25–54,0.8297097947211042
2003,2,25–54,0.8314768560752251
2003,3,25–54,0.8341782448883731
2003,4,25–54,0.8328596739701299
2003,5,25–54,0.8306308667296384
2003,6,25–54,0.8298767514960211
2003,7,25–54,0.8264645161101126
2003,8,25–54,0.8257829152163045
2003,9,25–54,0.8273843790690096
2003,10,25–54,0.8292006133819981
2003,11,25–54,0.8293385773595926
2003,12,25–54,0.8283863054929731
2003,1,55–64,0.6264548394740461
2003,2,55–64,0.6245771638765399
2003,3,55–64,0.6249390117278366
2003,4,55–64,0.6221645343987496
2003,5,55–64,0.6247584314285312
2003,6,55–64,0.6185724185564984
2003,7,55–64,0.6157011605516842
2003,8,55–64,0.617754639630017
2003,9,55–64,0.6216455788946883
2003,10,55–64,0.635004487504146
2003,11,55–64,0.6390521844497395
2003,12,55–64,0.6335554894987683
2003,1,65+,0.13880336204837546
2003,2,65+,0.14109157128642122
2003,3,65+,0.14498191759251655
2003,4,65+,0.14268705653822494
2003,5,65+,0.14311024716049486
2003,6,65+,0.14156122749314917
2003,7,65+,0.13858939574663962
2003,8,65+,0.14171456120313647
2003,9,65+,0.14427463695113577
2003,10,65+,0.14495772010362917
2003,11,65+,0.14387988728521334
2003,12,65+,0.14447640871529152
2004,1,16–24,0.5978438219383181
2004,2,16–24,0.5909225219966019
2004,3,16–24,0.5889886353247007
2004,4,16–24,0.5949704806546817
2004,5,16–24,0.6056090319727518
2004,6,16–24,0.6568860731319299
2004,7,16–24,0.6767777590517314
2004,8,16–24,0.6440023941687959
2004,9,16–24,0.6015670975972731
2004,10,16–24,0.615931202179071
2004,11,16–24,0.6109530440132879
2004,12,16–24,0.6059272390320526
2004,1,25–54,0.8286128388055369
2004,2,25–54,0.827520115718319
2004,3,25–54,0.8287404201975914
2004,4,25–54,0.8273251418092767
2004,5,25–54,0.8274101418244988
2004,6,25–54,0.8266063038224113
2004,7,25–54,0.8276968800828552
2004,8,25–54,0.825405832716252
2004,9,25–54,0.8280700327398036
2004,10,25–54,0.8302531159599731
2004,11,25–54,0.830645489567832
2004,12,25–54,0.8267900139597436
2004,1,55–64,0.6262781670335188
2004,2,55–64,0.6295158694521128
2004,3,55–64,0.6286178445257201
2004,4,55–64,0.6182620071676858
2004,5,55–64,0.623283268912631
2004,6,55–64,0.6150204180743747
2004,7,55–64,0.6123335834936234
2004,8,55–64,0.6211177125742917
2004,9,55–64,0.6222462329537922
2004,10,55–64,0.6244937273792495
2004,11,55–64,0.632546691170776
2004,12,55–64,0.6313284103803852
2004,1,65+,0.142300940042427
2004,2,65+,0.14540994401145724
2004,3,65+,0.14970822572380382
2004,4,65+,0.14391474328952245
2004,5,65+,0.14657540269276312
2004,6,65+,0.1451592386844192
2004,7,65+,0.14442940578200303
2004,8,65+,0.14796471343035758
2004,9,65+,0.15226763644219157
2004,10,65+,0.1529046308347978
2004,11,65+,0.14960670461998626
2004,12,65+,0.1469900472106477
2005,1,16–24,0.5928536218914316
2005,2,16–24,0.5915170817482561
2005,3,16–24,0.5911955543197445
2005,4,16–24,0.5933212210572828
2005,5,16–24,0.6082896376766068
2005,6,16–24,0.6637994524636673
2005,7,16–24,0.678365229820888
2005,8,16–24,0.6463797959310281
2005,9,16–24,0.6004719997730138
2005,10,16–24,0.6076651162262505
2005,11,16–24,0.6078598625000865
2005,12,16–24,0.5936933863439876
2005,1,25–54,0.8254709024273345
2005,2,25–54,0.826377403440152
2005,3,25–54,0.8255872314815036
2005,4,25–54,0.8280395698393243
2005,5,25–54,0.8290530682691436
2005,6,25–54,0.8263395877379179
2005,7,25–54,0.8275373576134188
2005,8,25–54,0.8276252445084994
2005,9,25–54,0.8313721958088272
2005,10,25–54,0.8321008940675637
2005,11,25–54,0.8302701763744775
2005,12,25–54,0.827800622454782
2005,1,55–64,0.6257947070689199
2005,2,55–64,0.6312750375401185
2005,3,55–64,0.631023870668032
2005,4,55–64,0.6324950479584067
2005,5,55–64,0.6284248011405569
2005,6,55–64,0.6256064714686965
2005,7,55–64,0.6254835511873066
2005,8,55–64,0.6320668305503437
2005,9,55–64,0.6367335649085034
2005,10,55–64,0.6353123341870157
2005,11,55–64,0.6335712373886532
2005,12,55–64,0.6315907215841409
2005,1,65+,0.14405428524059363
2005,2,65+,0.15086958924540897
2005,3,65+,0.14943029101488883
2005,4,65+,0.15460716525030166
2005,5,65+,0.1562941167397052
2005,6,65+,0.15092636982458263
2005,7,65+,0.15336147753630036
2005,8,65+,0.15343001356386252
2005,9,65+,0.15769983914884111
2005,10,65+,0.1615508573263287
2005,11,65+,0.15679924101698803
2005,12,65+,0.15575244460943327
2006,1,16–24,0.5863835121577755
2006,2,16–24,0.593629703948823
2006,3,16–24,0.5913567457931344
2006,4,16–24,0.5871868934826927
2006,5,16–24,0.6013201308985539
2006,6,16–24,0.6603885321004582
2006,7,16–24,0.6765371532111146
2006,8,16–24,0.6483423997591458
2006,9,16–24,0.6001601148989361
2006,10,16–24,0.60194941755128
2006,11,16–24,0.6027501208744577
2006,12,16–24,0.5984368015237924
2006,1,25–54,0.8241412795445957
2006,2,25–54,0.8259932652891214
2006,3,25–54,0.8290067012958711
2006,4,25–54,0.828809347458334
2006,5,25–54,0.8299204308632604
2006,6,25–54,0.8279552700683005
2006,7,25–54,0.8286884802739759
2006,8,25–54,0.8287654519338808
2006,9,25–54,0.8312960064023714
2006,10,25–54,0.8343764053680184
2006,11,25–54,0.8333424200621635
2006,12,25–54,0.8315998201706236
2006,1,55–64,0.6316640380616401
2006,2,55–64,0.6341159789648239
2006,3,55–64,0.6380174474010801
2006,4,55–64,0.644738615413984
2006,5,55–64,0.6378756050314396
2006,6,55–64,0.6368331410315425
2006,7,55–64,0.6361434576124941
2006,8,55–64,0.6310615232645934
2006,9,55–64,0.6391338350270772
2006,10,55–64,0.6411561798164833
2006,11,55–64,0.6418811943163336
2006,12,55–64,0.6418137879170585
2006,1,65+,0.1531601519885196
2006,2,65+,0.14954975020118463
2006,3,65+,0.15067801023810903
2006,4,65+,0.15641327805662733
2006,5,65+,0.15942307177679427
2006,6,65+,0.15529223710593232
2006,7,65+,0.1522380547077753
2006,8,65+,0.15588313714562008
2006,9,65+,0.1608998865339482
2006,10,65+,0.1669451668151516
2006,11,65+,0.16751565136189206
2006,12,65+,0.16553731706303584
2007,1,16–24,0.5855298524290606
2007,2,16–24,0.5808213470931876
2007,3,16–24,0.5821376392045795
2007,4,16–24,0.5772038757906791
2007,5,16–24,0.5821554668489552
2007,6,16–24,0.6458709267986472
2007,7,16–24,0.6557780822163825
2007,8,16–24,0.6169934039088874
2007,9,16–24,0.5923675541673311
2007,10,16–24,0.5892393789035951
2007,11,16–24,0.5952078045273433
2007,12,16–24,0.584604166757229
2007,1,25–54,0.8314646859727514
2007,2,25–54,0.8282321358833067
2007,3,25–54,0.8298786517435076
2007,4,25–54,0.8286361609155055
2007,5,25–54,0.8299980467130076
2007,6,25–54,0.827864705414746
2007,7,25–54,0.8272281621643894
2007,8,25–54,0.8286521360431023
2007,9,25–54,0.8315466762129039
2007,10,25–54,0.8327135410997182
2007,11,25–54,0.8353114713672
2007,12,25–54,0.8327926505013546
2007,1,55–64,0.6350286237765218
2007,2,55–64,0.6408745361934517
2007,3,55–64,0.6407972839610411
2007,4,55–64,0.6359782614918427
2007,5,55–64,0.6399383828170385
2007,6,55–64,0.6363841278346515
2007,7,55–64,0.6416601131181945
2007,8,55–64,0.6407831486719531
2007,9,55–64,0.6463246383955246
2007,10,55–64,0.6453313990658746
2007,11,55–64,0.6473635696969414
2007,12,55–64,0.6446607000777704
2007,1,65+,0.15401175639085335
2007,2,65+,0.15743187529484035
2007,3,65+,0.16479917228656857
2007,4,65+,0.16651542394650506
2007,5,65+,0.16670698300526432
2007,6,65+,0.16482094367776035
2007,7,65+,0.16314171622624313
2007,8,65+,0.16085513339784674
2007,9,65+,0.1673124694158506
2007,10,65+,0.16667037743126037
2007,11,65+,0.16805351115679387
2007,12,65+,0.16695329734744727
2008,1,16–24,0.5722435353484983
2008,2,16–24,0.5654822616409794
2008,3,16–24,0.5664126257063108
2008,4,16–24,0.5718464656338313
2008,5,16–24,0.5954717397163306
2008,6,16–24,0.6428437960602741
2008,7,16–24,0.6565319463303806
2008,8,16–24,0.6179894231918152
2008,9,16–24,0.5833073027086211
2008,10,16–24,0.5788186315754256
2008,11,16–24,0.5682166471420781
2008,12,16–24,0.5717668252464309
2008,1,25–54,0.8305738939987183
2008,2,25–54,0.8282114456010735
2008,3,25–54,0.8321608181015623
2008,4,25–54,0.8313574462416526
2008,5,25–54,0.8308037964245941
2008,6,25–54,0.8311274787055786
2008,7,25–54,0.8293195075118952
2008,8,25–54,0.8314035905421441
2008,9,25–54,0.8322722775216223
2008,10,25–54,0.8335876613992346
2008,11,25–54,0.8334866353498259
2008,12,25–54,0.8284909683591274
2008,1,55–64,0.6463142382826705
2008,2,55–64,0.6511171877009237
2008,3,55–64,0.649038406630888
2008,4,55–64,0.6428864432977787
2008,5,55–64,0.6436351449420945
2008,6,55–64,0.6437784526117294
2008,7,55–64,0.6453070347133602
2008,8,55–64,0.6460800804317732
2008,9,55–64,0.6454298579120693
2008,10,55–64,0.656987115648716
2008,11,55–64,0.6558211250578702
2008,12,55–64,0.6547006089566644
2008,1,65+,0.16417538585923086
2008,2,65+,0.16521187053834024
2008,3,65+,0.16856445235204395
2008,4,65+,0.17066671573095626
2008,5,65+,0.169763171787768
2008,6,65+,0.16831691697745066
2008,7,65+,0.1723483708345645
2008,8,65+,0.17322927508697641
2008,9,65+,0.17640612446879944
2008,10,65+,0.17298598123854575
2008,11,65+,0.17532318699817048
2008,12,65+,0.17464094319872073
2009,1,16–24,0.5580010982445371
2009,2,16–24,0.5644349162187752
2009,3,16–24,0.562260484662187
2009,4,16–24,0.5656855094391409
2009,5,16–24,0.5728313869819682
2009,6,16–24,0.6240564160532038
2009,7,16–24,0.6337772354893082
2009,8,16–24,0.5938297287194163
2009,9,16–24,0.5563204904167027
2009,10,16–24,0.5487235447457665
2009,11,16–24,0.5486686952604611
2009,12,16–24,0.540038023316603
2009,1,25–54,0.8276513887297705
2009,2,25–54,0.8276031761797139
2009,3,25–54,0.8264956054500964
2009,4,25–54,0.828174645393001
2009,5,25–54,0.8256221814280474
2009,6,25–54,0.8256182522594295
2009,7,25–54,0.8251289261673399
2009,8,25–54,0.8259823551556593
2009,9,25–54,0.825092849771219
2009,10,25–54,0.8254150023160558
2009,11,25–54,0.8247156920507379
2009,12,25–54,0.8195674719301289
2009,1,55–64,0.6534817502019791
2009,2,55–64,0.6510219625786253
2009,3,55–64,0.6522840738253607
2009,4,55–64,0.6504247636138849
2009,5,55–64,0.6537909656618969
2009,6,55–64,0.6537827274369742
2009,7,55–64,0.6519968295661253
2009,8,55–64,0.6426125698958258
2009,9,55–64,0.6447299499339834
2009,10,55–64,0.6448557459527234
2009,11,55–64,0.6449950229922972
2009,12,55–64,0.6479240836001025
2009,1,65+,0.1759405950855493
2009,2,65+,0.1717768098392997
2009,3,65+,0.1711017947873361
2009,4,65+,0.17046712540010145
2009,5,65+,0.17340939132920113
2009,6,65+,0.17079102005862531
2009,7,65+,0.17009732783455556
2009,8,65+,0.17402225859980988
2009,9,65+,0.17664558156306764
2009,10,65+,0.1760078089507029
2009,11,65+,0.17743090581096904
2009,12,65+,0.17467559932369306
2010,1,16–24,0.5349619605364627
2010,2,16–24,0.5397429024551078
2010,3,16–24,0.5393522145235791
2010,4,16–24,0.5489101369910863
2010,5,16–24,0.5555341749693405
2010,6,16–24,0.5988250565678451
2010,7,16–24,0.6141502846809893
2010,8,16–24,0.5866177219794841
2010,9,16–24,0.5482594799376186
2010,10,16–24,0.5510441714263653
2010,11,16–24,0.5494515751201107
2010,12,16–24,0.5373477551821728
2010,1,25–54,0.8248257949185196
2010,2,25–54,0.8241837137509495
2010,3,25–54,0.8250891520742922
2010,4,25–54,0.8256518044457246
2010,5,25–54,0.8202879063258339
2010,6,25–54,0.8189112810111863
2010,7,25–54,0.8176260396812094
2010,8,25–54,0.8198127030846613
2010,9,25–54,0.8229109745620994
2010,10,25–54,0.8227837872898167
2010,11,25–54,0.8215859082363215
2010,12,25–54,0.8203782764488716
2010,1,55–64,0.6504695312579558
2010,2,55–64,0.6529989663837741
2010,3,55–64,0.6595350384706739
2010,4,55–64,0.6569697035060826
2010,5,55–64,0.6562205371953505
2010,6,55–64,0.6517899597093638
2010,7,55–64,0.6509201940843021
2010,8,55–64,0.648195246887771
2010,9,55–64,0.6499011856207757
2010,10,55–64,0.6383371941721921
2010,11,55–64,0.64017288203443
2010,12,55–64,0.6437524282951244
2010,1,65+,0.17451237195940128
2010,2,65+,0.17470003784446436
2010,3,65+,0.17310440333335292
2010,4,65+,0.17284845535703097
2010,5,65+,0.1739689188031199
2010,6,65+,0.17099560651056728
2010,7,65+,0.17409629041946043
2010,8,65+,0.17740662659247108
2010,9,65+,0.18018622592578876
2010,10,65+,0.17862786560747435
2010,11,65+,0.17689674509187667
2010,12,65+,0.177474119544106
2011,1,16–24,0.5354988367962623
2011,2,16–24,0.5357673147237779
2011,3,16–24,0.5366710263040807
2011,4,16–24,0.5369344380108595
2011,5,16–24,0.543329426175422
2011,6,16–24,0.5868075514682397
2011,7,16–24,0.5997009211288193
2011,8,16–24,0.5764914875616852
2011,9,16–24,0.547677211188616
2011,10,16–24,0.5517585531151226
2011,11,16–24,0.5426497333053169
2011,12,16–24,0.5332973513572614
2011,1,25–54,0.8186312363704062
2011,2,25–54,0.8175759500696156
2011,3,25–54,0.8172864065877194
2011,4,25–54,0.8156629045496062
2011,5,25–54,0.8162526632746998
2011,6,25–54,0.8134148748103952
2011,7,25–54,0.8122734375620198
2011,8,25–54,0.815451795078949
2011,9,25–54,0.8178482140103017
2011,10,25–54,0.8173585074501154
2011,11,25–54,0.8166724539788254
2011,12,25–54,0.8164918975778553
2011,1,55–64,0.643303941706822
2011,2,55–64,0.6473052909812874
2011,3,55–64,0.6501594712135975
2011,4,55–64,0.6483724646065353
2011,5,55–64,0.6484291517880583
2011,6,55–64,0.6428563919521827
2011,7,55–64,0.6384707030391019
2011,8,55–64,0.6448718089183333
2011,9,55–64,0.6533937094646173
2011,10,55–64,0.6462694764761515
2011,11,55–64,0.6437289400784235
2011,12,55–64,0.641985929950887
2011,1,65+,0.1781150018777188
2011,2,65+,0.18250477055076741
2011,3,65+,0.18220628716695558
2011,4,65+,0.18539445269024357
2011,5,65+,0.1853678384111658
2011,6,65+,0.17992771721549713
2011,7,65+,0.17966176974738618
2011,8,65+,0.17586931819295037
2011,9,65+,0.1818502717454001
2011,10,65+,0.18685387851969218
2011,11,65+,0.18503625712838664
2011,12,65+,0.18685642865958327
2012,1,16–24,0.5218774531836535
2012,2,16–24,0.5347227958958777
2012,3,16–24,0.5320727673726886
2012,4,16–24,0.5312987142308739
2012,5,16–24,0.5455791184917307
2012,6,16–24,0.5958966774387576
2012,7,16–24,0.61359835027459
2012,8,16–24,0.5695772556396798
2012,9,16–24,0.5418891499312252
2012,10,16–24,0.5506350989119725
2012,11,16–24,0.5423492713236221
2012,12,16–24,0.5345434453355652
2012,1,25–54,0.8157995434114186
2012,2,25–54,0.8153041496489054
2012,3,25–54,0.8154054690058947
2012,4,25–54,0.8131771922274821
2012,5,25–54,0.8149220326474989
2012,6,25–54,0.8142652587460972
2012,7,25–54,0.8145553019893187
2012,8,25–54,0.8142731858337672
2012,9,25–54,0.8174922584623487
2012,10,25–54,0.818777051635052
2012,11,25–54,0.8132896051287113
2012,12,25–54,0.8132182487754177
2012,1,55–64,0.6394164450109565
2012,2,55–64,0.645116426257413
2012,3,55–64,0.649395686591584
2012,4,55–64,0.6447371244520996
2012,5,55–64,0.6489598019018764
2012,6,55–64,0.6457162184853534
2012,7,55–64,0.639031753837848
2012,8,55–64,0.6429020378887444
2012,9,55–64,0.649210202726568
2012,10,55–64,0.6517504362690383
2012,11,55–64,0.652551926101027
2012,12,55–64,0.6532726723094334
2012,1,65+,0.18340831273753075
2012,2,65+,0.19031135253662276
2012,3,65+,0.1884914332447379
2012,4,65+,0.18882970273615676
2012,5,65+,0.19332105097946994
2012,6,65+,0.18725770316288667
2012,7,65+,0.1844924156287444
2012,8,65+,0.18665175418038552
2012,9,65+,0.18946848208162573
2012,10,65+,0.19015257248066528
2012,11,65+,0.19181443447132926
2012,12,65+,0.18752950170338906
2013,1,16–24,0.5366752555555382
2013,2,16–24,0.5337234740341079
2013,3,16–24,0.5253908843727149
2013,4,16–24,0.5298872680461976
2013,5,16–24,0.5454083000524718
2013,6,16–24,0.6024683497783541
2013,7,16–24,0.6093807091386141
2013,8,16–24,0.5733962084053003
2013,9,16–24,0.5486971907991292
2013,10,16–24,0.5436557950154615
2013,11,16–24,0.5371692663108069
2013,12,16–24,0.5317864684450475
2013,1,25–54,0.8098969468745887
2013,2,25–54,0.8108202131476877
2013,3,25–54,0.8103490622537323
2013,4,25–54,0.8107133323023361
2013,5,25–54,0.8149005879966541
2013,6,25–54,0.8126050002117716
2013,7,25–54,0.812322892266162
2013,8,25–54,0.8100841629952736
2013,9,25–54,0.8127498049207614
2013,10,25–54,0.8084667520015512
2013,11,25–54,0.811005256545641
2013,12,25–54,0.8078319192372567
2013,1,55–64,0.6515794745709066
2013,2,55–64,0.6530369989454718
2013,3,55–64,0.6526344535596695
2013,4,55–64,0.646954162934906
2013,5,55–64,0.6468240287258169
2013,6,55–64,0.6416944513160914
2013,7,55–64,0.6425493468677959
2013,8,55–64,0.6449768091547903
2013,9,55–64,0.6443608622208385
2013,10,55–64,0.6474447541681219
2013,11,55–64,0.641184600721345
2013,12,55–64,0.6393378366359048
2013,1,65+,0.18906350695012306
2013,2,65+,0.19156003760831283
2013,3,65+,0.19042915750116052
2013,4,65+,0.1926627608702399
2013,5,65+,0.19586812043477117
2013,6,65+,0.19222364795981586
2013,7,65+,0.1866283066624599
2013,8,65+,0.19055409092866502
2013,9,65+,0.1902521900020896
2013,10,65+,0.18554685236878193
2013,11,65+,0.18777134389367908
2013,12,65+,0.18660628378639466
2014,1,16–24,0.5302265096005689
2014,2,16–24,0.5327612827812678
2014,3,16–24,0.5482855233452193
2014,4,16–24,0.5328167969331444
2014,5,16–24,0.5515045676925032
2014,6,16–24,0.5951419958985711
2014,7,16–24,0.6102920504248469
2014,8,16–24,0.5682048107931827
2014,9,16–24,0.5436286734391899
2014,10,16–24,0.5543056215571269
2014,11,16–24,0.5435591800008388
2014,12,16–24,0.5347588198249952
2014,1,25–54,0.8084928221930998
2014,2,25–54,0.8103652103482952
2014,3,25–54,0.8111621426680162
2014,4,25–54,0.8095223035852338
2014,5,25–54,0.8097597783783719
2014,6,25–54,0.8076132215927659
2014,7,25–54,0.8079486283130445
2014,8,25–54,0.809611552822119
2014,9,25–54,0.8097358512150064
2014,10,25–54,0.8103065874069791
2014,11,25–54,0.8095669911304343
2014,12,25–54,0.8084752700717099
2014,1,55–64,0.6362102291382675
2014,2,55–64,0.6450654219061153
2014,3,55–64,0.6520305008078348
2014,4,55–64,0.6478576135726678
2014,5,55–64,0.6502075001991425
2014,6,55–64,0.6460768454532146
2014,7,55–64,0.6440878062142442
2014,8,55–64,0.6411043003362277
2014,9,55–64,0.6444284728092478
2014,10,55–64,0.6440164512904984
2014,11,55–64,0.6474582088080291
2014,12,55–64,0.6436084932231795
2014,1,65+,0.18914399597346426
2014,2,65+,0.1930278890025399
2014,3,65+,0.1906141768758599
2014,4,65+,0.19385906391523577
2014,5,65+,0.19157332922658457
2014,6,65+,0.18658750526076348
2014,7,65+,0.1865339819258927
2014,8,65+,0.1842232573627297
2014,9,65+,0.1895594091796389
2014,10,65+,0.19072733675336195
2014,11,65+,0.19205573599603726
2014,12,65+,0.19298253261162537
2015,1,16–24,0.5323591653179337
2015,2,16–24,0.5347517440808767
2015,3,16–24,0.5304171769678703
2015,4,16–24,0.5298296933320384
2015,5,16–24,0.5560231618192244
2015,6,16–24,0.5943024388312026
2015,7,16–24,0.6087796986347865
2015,8,16–24,0.5787484090098955
2015,9,16–24,0.5408285665569453
2015,10,16–24,0.5470812175816282
2015,11,16–24,0.5400736581534868
2015,12,16–24,0.5448087418637795
2015,1,25–54,0.808146751481859
2015,2,25–54,0.8090949386639165
2015,3,25–54,0.809984362165074
2015,4,25–54,0.8109581451909103
2015,5,25–54,0.8133634708631712
2015,6,25–54,0.8080981481976716
2015,7,25–54,0.8065636683751578
2015,8,25–54,0.8064330290025616
2015,9,25–54,0.8084383510935262
2015,10,25–54,0.8107254929250065
2015,11,25–54,0.8113281115267631
2015,12,25–54,0.810918675459307
2015,1,55–64,0.6417829204418547
2015,2,55–64,0.6407850329902557
2015,3,55–64,0.645205925111939
2015,4,55–64,0.6509485512332702
2015,5,55–64,0.6487041434114625
2015,6,55–64,0.6393370036502024
2015,7,55–64,0.6377135345226724
2015,8,55–64,0.6304145757515811
2015,9,55–64,0.6335178726710299
2015,10,55–64,0.6370591898917587
2015,11,55–64,0.6431578826234663
2015,12,55–64,0.6454895938417867
2015,1,65+,0.19404201842837052
2015,2,65+,0.19533739321398727
2015,3,65+,0.19759478448447138
2015,4,65+,0.19698575946847605
2015,5,65+,0.19614982380894663
2015,6,65+,0.1931882275625445
2015,7,65+,0.18869884570265094
2015,8,65+,0.18937219306231573
2015,9,65+,0.19093111045320693
2015,10,65+,0.1949701616438801
2015,11,65+,0.1938813453152575
2015,12,65+,0.19205740533806923
2016,1,16–24,0.5342814823365597
2016,2,16–24,0.5391124053271316
2016,3,16–24,0.5365666675051737
2016,4,16–24,0.5359779661696282
2016,5,16–24,0.5498877991190824
2016,6,16–24,0.5951775390322398
2016,7,16–24,0.6087639768578561
2016,8,16–24,0.5836466611992757
2016,9,16–24,0.5481023063210698
2016,10,16–24,0.5421130783697512
2016,11,16–24,0.5422535310368581
2016,12,16–24,0.5423420742750464
2016,1,25–54,0.8116336690719236
2016,2,25–54,0.812531475164474
2016,3,25–54,0.8164864473645644
2016,4,25–54,0.8151221054300525
2016,5,25–54,0.8134187968958526
2016,6,25–54,0.8125776842358994
2016,7,25–54,0.8121857625305545
2016,8,25–54,0.8127716956800424
2016,9,25–54,0.817642113680358
2016,10,25–54,0.8181564180869938
2016,11,25–54,0.8147795056558083
2016,12,25–54,0.8139608871144418
2016,1,55–64,0.6463996022445002
2016,2,55–64,0.6501921892724573
2016,3,55–64,0.6469148365257161
2016,4,55–64,0.6503425574389525
2016,5,55–64,0.6434988070658071
2016,6,55–64,0.6402066614957921
2016,7,55–64,0.6421649227413692
2016,8,55–64,0.6349997115768551
2016,9,55–64,0.6421372193527592
2016,10,55–64,0.6476653639751541
2016,11,55–64,0.6460163532983727
2016,12,55–64,0.6460145258399146
2016,1,65+,0.19261520940583143
2016,2,65+,0.19646739212950634
2016,3,65+,0.20029577092165132
2016,4,65+,0.2017104618210755
2016,5,65+,0.1971580365954099
2016,6,65+,0.1971140565395111
2016,7,65+,0.1971541715700824
2016,8,65+,0.1953322309778741
2016,9,65+,0.1957852642059864
2016,10,65+,0.19395151171164995
2016,11,65+,0.1935712680497639
2016,12,65+,0.18958112546748432
2017,1,16–24,0.5394039563233324
2017,2,16–24,0.5460801031489273
2017,3,16–24,0.5414704240913941
2017,4,16–24,0.5393258720661495
2017,5,16–24,0.5414603919078542
2017,6,16–24,0.5911205683761046
2017,7,16–24,0.6114795091717982
2017,8,16–24,0.5816491192114711
2017,9,16–24,0.5601432230889176
2017,10,16–24,0.5498907233128704
2017,11,16–24,0.539626298244697
2017,12,16–24,0.5348100078236104
2017,1,25–54,0.8143687708865005
2017,2,25–54,0.8168284155442941
2017,3,25–54,0.8174271081911743
2017,4,25–54,0.818907735771768
2017,5,25–54,0.8181922981563887
2017,6,25–54,0.815960863875285
2017,7,25–54,0.8184024962309033
2017,8,25–54,0.8152596328640141
2017,9,25–54,0.820652572372656
2017,10,25–54,0.8181391315961254
2017,11,25–54,0.8195466309049836
2017,12,25–54,0.8185557097971471
2017,1,55–64,0.6464208643353992
2017,2,55–64,0.6457252895762136
2017,3,55–64,0.6523593576955267
2017,4,55–64,0.6504495142049435
2017,5,55–64,0.6518224278978474
2017,6,55–64,0.6470718246121018
2017,7,55–64,0.6454880676802961
2017,8,55–64,0.647014311089209
2017,9,55–64,0.6497496106639699
2017,10,55–64,0.6488947189797115
2017,11,55–64,0.6514565011258946
2017,12,55–64,0.6480882629269602
2017,1,65+,0.19472114268509133
2017,2,65+,0.19986432761271292
2017,3,65+,0.20008651388607046
2017,4,65+,0.2047434087249052
2017,5,65+,0.20295133883511496
2017,6,65+,0.1964520037804416
2017,7,65+,0.19568639682979458
2017,8,65+,0.1966025838044167
2017,9,65+,0.20033051893775192
2017,10,65+,0.19674210446490673
2017,11,65+,0.19664365923251792
2017,12,65+,0.19490734540376733
2018,1,16–24,0.5407783945815101
2018,2,16–24,0.5471932537402101
2018,3,16–24,0.5444333827385852
2018,4,16–24,0.5348357605120738
2018,5,16–24,0.5427891113246538
2018,6,16–24,0.592089781988817
2018,7,16–24,0.6093803215007371
2018,8,16–24,0.5607079277896839
2018,9,16–24,0.5468514806200093
2018,10,16–24,0.5455348839323495
2018,11,16–24,0.5407638428368746
2018,12,16–24,0.5388837469111217
2018,1,25–54,0.8164414828561501
2018,2,25–54,0.8231139856789446
2018,3,25–54,0.8220199994863926
2018,4,25–54,0.8231180204389899
2018,5,25–54,0.8223668859878677
2018,6,25–54,0.8206987332495609
2018,7,25–54,0.8212215006287249
2018,8,25–54,0.8200503983569563
2018,9,25–54,0.8228373088345472
2018,10,25–54,0.8275353157065083
2018,11,25–54,0.8279245579871514
2018,12,25–54,0.8269376348484373
2018,1,55–64,0.6448992646572784
2018,2,55–64,0.6551854523634917
2018,3,55–64,0.6482514280993683
2018,4,55–64,0.6527444943833385
2018,5,55–64,0.6601282323003826
2018,6,55–64,0.6540392786607927
2018,7,55–64,0.6507985658842659
2018,8,55–64,0.6527627068505523
2018,9,55–64,0.6501544029912552
2018,10,55–64,0.6547795591654942
2018,11,55–64,0.6565179408919314
2018,12,55–64,0.6590126282605625
2018,1,65+,0.1930768476509451
2018,2,65+,0.19701265141413132
2018,3,65+,0.20113325114023092
2018,4,65+,0.20217920717502036
2018,5,65+,0.20380856182198856
2018,6,65+,0.19883459815872614
2018,7,65+,0.19822886392777875
2018,8,65+,0.19688247319264535
2018,9,65+,0.20103134271818138
2018,10,65+,0.19909594776745348
2018,11,65+,0.20330860586928445
2018,12,65+,0.20257399833090722
2019,1,16–24,0.5374814575859413
2019,2,16–24,0.5447172284668806
2019,3,16–24,0.5485821442828905
2019,4,16–24,0.537681215391508
2019,5,16–24,0.5541575677963991
2019,6,16–24,0.6002540061964006
2019,7,16–24,0.624617989847972
2019,8,16–24,0.5831643619162872
2019,9,16–24,0.5592266869335333
2019,10,16–24,0.5608870327822006
2019,11,16–24,0.547145300148637
2019,12,16–24,0.5415656344181811
2019,1,25–54,0.8266218610769629
2019,2,25–54,0.827360885524635
2019,3,25–54,0.8256934349376241
2019,4,25–54,0.8229010403235517
2019,5,25–54,0.8227956002208375
2019,6,25–54,0.8209260278848661
2019,7,25–54,0.818991203108746
2019,8,25–54,0.8253386273043113
2019,9,25–54,0.8304696328866071
2019,10,25–54,0.8332451983604463
2019,11,25–54,0.8340408267384251
2019,12,25–54,0.8341027256500068
2019,1,55–64,0.65516990378756
2019,2,55–64,0.6584884314439363
2019,3,55–64,0.6542752578292695
2019,4,55–64,0.656928984272235
2019,5,55–64,0.6537297404245056
2019,6,55–64,0.6543601298849612
2019,7,55–64,0.658279065940884
2019,8,55–64,0.6567819922192949
2019,9,55–64,0.6634509334589733
2019,10,55–64,0.6596270164895456
2019,11,55–64,0.6561745024979423
2019,12,55–64,0.6548050914796942
2019,1,65+,0.20371254281579834
2019,2,65+,0.20827552128985286
2019,3,65+,0.20454198999565573
2019,4,65+,0.2020742865060477
2019,5,65+,0.2039002832627047
2019,6,65+,0.19939275550873922
2019,7,65+,0.207727879108377
2019,8,65+,0.20729987536456615
2019,9,65+,0.20818260666007968
2019,10,65+,0.21118607211164983
2019,11,65+,0.21225265372830615
2019,12,65+,0.210989360276002
2020,1,16–24,0.5458738056458144
2020,2,16–24,0.5537588618015132
2020,3,16–24,0.5329534034558947
2020,4,16–24,0.4789918175396511
2020,5,16–24,0.5055034040193692
2020,6,16–24,0.5545914105581078
2020,7,16–24,0.5780799939377237
2020,8,16–24,0.5470412796774782
2020,9,16–24,0.5336604009800591
2020,10,16–24,0.5469516705149555
2020,11,16–24,0.5359718677761133
2020,12,16–24,0.5365388936997093
2020,1,25–54,0.8318521888766963
2020,2,25–54,0.8304384944846703
2020,3,25–54,0.826054092619284
2020,4,25–54,0.7972369370887618
2020,5,25–54,0.8047830805069922
2020,6,25–54,0.8125683015106272
2020,7,25–54,0.8116523756483044
2020,8,25–54,0.8137631519885726
2020,9,25–54,0.8120271878944207
2020,10,25–54,0.8173786576856313
2020,11,25–54,0.8138283863745955
2020,12,25–54,0.8141348206402744
2020,1,55–64,0.6533152405368542
2020,2,55–64,0.6591657441140036
2020,3,55–64,0.6595061742170609
2020,4,55–64,0.646085329715759
2020,5,55–64,0.6504628786655237
2020,6,55–64,0.6510712796435444
2020,7,55–64,0.6529472782031208
2020,8,55–64,0.6535100366097331
2020,9,55–64,0.6504333207644364
2020,10,55–64,0.6501989827437713
2020,11,55–64,0.6467597832280614
2020,12,55–64,0.6452336307102123
2020,1,65+,0.20733348104729166
2020,2,65+,0.20924179964248762
2020,3,65+,0.20106987165552592
2020,4,65+,0.19507063842806066
2020,5,65+,0.19085567355223954
2020,6,65+,0.1931549710066523
2020,7,65+,0.19634844073018584
2020,8,65+,0.19721203372720544
2020,9,65+,0.20052353006969617
2020,10,65+,0.1991563594093323
2020,11,65+,0.2004915440240533
2020,12,65+,0.1961706026662187
2021,1,16–24,0.534267973322298
2021,2,16–24,0.5337918422506274
2021,3,16–24,0.5324699440103009
2021,4,16–24,0.5353116044934456
2021,5,16–24,0.5418485424646832
2021,6,16–24,0.5892941353026367
2021,7,16–24,0.6116328603634335
2021,8,16–24,0.5739058321899887
2021,9,16–24,0.5495173402637102
2021,10,16–24,0.5550503048045752
2021,11,16–24,0.5530633561656992
2021,12,16–24,0.5452794439190901
2021,1,25–54,0.8124318013301447
2021,2,25–54,0.8132671625420863
2021,3,25–54,0.8152246303580728
2021,4,25–54,0.8114454908509183
2021,5,25–54,0.811406222430922
2021,6,25–54,0.8120406559586621
2021,7,25–54,0.8150362262859795
2021,8,25–54,0.817688038435199
2021,9,25–54,0.8186816291510739
2021,10,25–54,0.8203513929639006
2021,11,25–54,0.8221599404900826
2021,12,25–54,0.8198956051329811
2021,1,55–64,0.6401291443809632
2021,2,55–64,0.6520155917380549
2021,3,55–64,0.6504826728807201
2021,4,55–64,0.6527626691089384
2021,5,55–64,0.6555949832840364
2021,6,55–64,0.6495541887804065
2021,7,55–64,0.647733099051144
2021,8,55–64,0.6475520924735545
2021,9,55–64,0.6514848367932651
2021,10,55–64,0.6498138605126329
2021,11,55–64,0.6476177578325173
2021,12,55–64,0.64805031706939
2021,1,65+,0.18998668878926672
2021,2,65+,0.18614777120297082
2021,3,65+,0.18874023401325946
2021,4,65+,0.19139204477126642
2021,5,65+,0.1918497797431394
2021,6,65+,0.1893890032144515
2021,7,65+,0.18779314878806547
2021,8,65+,0.1934284814535359
2021,9,65+,0.19619760599964256
2021,10,65+,0.19545043259363273
2021,11,65+,0.19669004799050582
2021,12,65+,0.19684681416236027
2022,1,16–24,0.534323812192742
2022,2,16–24,0.5352222814497196
2022,3,16–24,0.5405712000790045
2022,4,16–24,0.5345007580725245
2022,5,16–24,0.5476350039781677
2022,6,16–24,0.5987857580419969
2022,7,16–24,0.6134671960789619
2022,8,16–24,0.5843297242646189
2022,9,16–24,0.5532242025421976
2022,10,16–24,0.5534551899197783
2022,11,16–24,0.55583549195717
2022,12,16–24,0.5503607307186315
2022,1,25–54,0.8200783736242869
2022,2,25–54,0.8236311398776702
2022,3,25–54,0.8257785272208883
2022,4,25–54,0.8232419792120885
2022,5,25–54,0.8253827734375991
2022,6,25–54,0.82122265756974
2022,7,25–54,0.8225984133047064
2022,8,25–54,0.8295870926494258
2022,9,25–54,0.8283358706630357
2022,10,25–54,0.8289963773436269
2022,11,25–54,0.827236084711908
2022,12,25–54,0.8266680748494666
2022,1,55–64,0.6527022383571445
2022,2,55–64,0.6565333498297088
2022,3,55–64,0.658912286139847
2022,4,55–64,0.6566577554125143
2022,5,55–64,0.655971590012738
2022,6,55–64,0.6503115219154049
2022,7,55–64,0.6511558149549693
2022,8,55–64,0.6477951372444459
2022,9,55–64,0.655295841054536
2022,10,55–64,0.6555565070997211
2022,11,55–64,0.6534962210151715
2022,12,55–64,0.6583303640387457
2022,1,65+,0.19384227848673946
2022,2,65+,0.1970879106312246
2022,3,65+,0.1942104625203223
2022,4,65+,0.19316343765862504
2022,5,65+,0.1956995730758416
2022,6,65+,0.19260715486914776
2022,7,65+,0.19440561744767687
2022,8,65+,0.19723808173696414
2022,9,65+,0.20423522971175825
2022,10,65+,0.20556277813795276
2022,11,65+,0.19833042422604363
2022,12,65+,0.19592809348528478
2023,1,16–24,0.5559675484280755
2023,2,16–24,0.561669124188356
2023,3,16–24,0.558979900108254
2023,4,16–24,0.5506300009015641
2023,5,16–24,0.5590481510343499
2023,6,16–24,0.6003607683099726
2023,7,16–24,0.611713098144335
2023,8,16–24,0.5882384811764176
2023,9,16–24,0.5584877984989609
2023,10,16–24,0.5617647814768608
2023,11,16–24,0.5596226472273961
2023,12,16–24,0.550652163207715
2023,1,25–54,0.8316596780255942
2023,2,25–54,0.8373545426670105
2023,3,25–54,0.8382667790796611
2023,4,25–54,0.836886860950613
2023,5,25–54,0.8345463276824614
2023,6,25–54,0.8331586867316724
2023,7,25–54,0.8314818574874059
2023,8,25–54,0.834004340778025
2023,9,25–54,0.836890440664282
2023,10,25–54,0.8361229243144215
2023,11,25–54,0.834970962001087
2023,12,25–54,0.8323218822259113
2023,1,55–64,0.6542075355279425
2023,2,55–64,0.6539908762711637
2023,3,55–64,0.6567054279493124
2023,4,55–64,0.6519389725942418
2023,5,55–64,0.6568749341368694
2023,6,55–64,0.657177953071586
2023,7,55–64,0.6583211661372418
2023,8,55–64,0.6611054574333288
2023,9,55–64,0.6671293570442715
2023,10,55–64,0.6656218856272622
2023,11,55–64,0.6653761923495071
2023,12,55–64,0.6591345153111625
2023,1,65+,0.19462778941490355
2023,2,65+,0.19391767992841435
2023,3,65+,0.1953577030921944
2023,4,65+,0.19618055492694342
2023,5,65+,0.19525870811819548
2023,6,65+,0.1940214503916066
2023,7,65+,0.19643041144863133
2023,8,65+,0.19762416445218325
2023,9,65+,0.2009916101988792
2023,10,65+,0.20052543057663172
2023,11,65+,0.20041729123858473
2023,12,65+,0.19485325779839607
2024,1,16–24,0.5484378252485429
2024,2,16–24,0.5470841614001495
2024,3,16–24,0.5622875950452231
2024,4,16–24,0.5547742858906143
2024,5,16–24,0.5578398857461971
2024,6,16–24,0.6026046152907509
2024,7,16–24,0.6080201909852454
2024,8,16–24,0.5677900515810357
2024,9,16–24,0.5452578199422605
2024,10,16–24,0.5528015671151092
2024,11,16–24,0.5532806056560637
2024,12,16–24,0.5539939832952694
2024,1,25–54,0.8319820189607521
2024,2,25–54,0.8364586979977809
2024,3,25–54,0.8372480688707914
2024,4,25–54,0.8362864441946248
2024,5,25–54,0.8366190098290519
2024,6,25–54,0.8357191645231384
2024,7,25–54,0.8396086460268767
2024,8,25–54,0.8389535763433111
2024,9,25–54,0.841481573902303
2024,10,25–54,0.8380766534014814
2024,11,25–54,0.835448439389513
2024,12,25–54,0.8332524795998878
2024,1,55–64,0.6571721672801002
2024,2,55–64,0.6635133276739488
2024,3,55–64,0.668535620794523
2024,4,55–64,0.6677164964285217
2024,5,55–64,0.6615119959469313
2024,6,55–64,0.6575339594044461
2024,7,55–64,0.6534381505368342
2024,8,55–64,0.6613626847342433
2024,9,55–64,0.6673733767671852
2024,10,55–64,0.6654654142925792
2024,11,55–64,0.6683976802613077
2024,12,55–64,0.6697101267821493
2024,1,65+,0.19411685715217886
2024,2,65+,0.19691471016651926
2024,3,65+,0.19896545450230285
2024,4,65+,0.1971014620751216
2024,5,65+,0.19800800650642592
2024,6,65+,0.19592817223579823
2024,7,65+,0.1985679165524369
2024,8,65+,0.20394484995125792
2024,9,65+,0.2036017224549065
2024,10,65+,0.20599173242290952
2024,11,65+,0.1973785717302893
2024,12,65+,0.1956696560789032
