year,age_start,age_end,lfpr
2000,16,19,0.524032156561603
2000,20,24,0.779136174451255
2000,25,29,0.8470941203547632
2000,30,34,0.845969202277303
2000,35,39,0.8438136959684099
2000,40,44,0.8521111871719905
2000,45,49,0.8450274040597359
2000,50,54,0.8022349470607498
2000,55,59,0.6914877864262777
2000,60,64,0.47675759804391005
2000,65,69,0.250865692325489
2000,70,74,0.1380985267591617
2000,75,79,0.07883362048576618
2010,16,19,0.3598281883063679
2010,20,24,0.7183698515082243
2010,25,29,0.8186669302483485
2010,30,34,0.8246810494130471
2010,35,39,0.831862168137719
2010,40,44,0.8336425488084463
2010,45,49,0.8271000199806479
2010,50,54,0.7979333087446888
2010,55,59,0.7319858912131707
2010,60,64,0.554438879376285
2010,65,69,0.3136839122915283
2010,70,74,0.18519427816390843
2010,75,79,0.11046245677200035
2019,16,19,0.3617439976046583
2019,20,24,0.7200849130547137
2019,25,29,0.8294401964021593
2019,30,34,0.8322645822293343
2019,35,39,0.8339991598968056
2019,40,44,0.832470195561627
2019,45,49,0.8306137231686783
2019,50,54,0.8015384728991073
2019,55,59,0.7299030339671693
2019,60,64,0.5800066469301474
2019,65,69,0.3509489377829442
2019,70,74,0.20253048082783429
2019,75,79,0.12968454110786312
2020,16,19,0.3468790262444808
2020,20,24,0.6884645662045413
2020,25,29,0.8122891184885344
2020,30,34,0.817616308603139
2020,35,39,0.8237014522824252
2020,40,44,0.8216011313374222
2020,45,49,0.8224504865998649
2020,50,54,0.7951498083421179
2020,55,59,0.7261631340498296
2020,60,64,0.5752037008114396
2020,65,69,0.33663132073622254
2020,70,74,0.19375693927847212
2020,75,79,0.12854345342290646
2024,16,19,0.3720215327168714
2024,20,24,0.7197526911936326
2024,25,29,0.8302832261910722
2024,30,34,0.8426494925768283
2024,35,39,0.8471889835573503
2024,40,44,0.8481417732982938
2024,45,49,0.8379777021554552
2024,50,54,0.8118977977952957
2024,55,59,0.7445179582097429
2024,60,64,0.587092603610259
2024,65,69,0.33986640634486126
2024,70,74,0.20064885789244655
2024,75,79,0.123619837424088
